,precision,recall,f1-score,support
0,0.7969348659003831,0.8888888888888888,0.8404040404040404,234.0
1,0.5740740740740741,0.32978723404255317,0.4189189189189189,94.0
2,0.7730061349693251,0.84,0.805111821086262,150.0
accuracy,0.7635983263598326,0.7635983263598326,0.7635983263598326,0.7635983263598326
macro avg,0.7146716916479274,0.6862253743104807,0.6881449268030737,478.0
weighted avg,0.7455996690984339,0.7635983263598326,0.7464428807444836,478.0
