,precision,recall,f1-score,support
0,0.7943548387096774,0.8418803418803419,0.8174273858921162,234.0
1,0.43617021276595747,0.43617021276595747,0.43617021276595747,94.0
2,0.7794117647058824,0.7066666666666667,0.7412587412587412,150.0
accuracy,0.7196652719665272,0.7196652719665272,0.7196652719665272,0.7196652719665272
macro avg,0.6699789387271724,0.661572407104322,0.664952113305605,478.0
weighted avg,0.7192276087111859,0.7196652719665272,0.7185498315639465,478.0
