,precision,recall,f1-score,support
0,0.9,0.9230769230769231,0.9113924050632911,234.0
1,0.6744186046511628,0.6170212765957447,0.6444444444444445,94.0
2,0.9013157894736842,0.9133333333333333,0.9072847682119205,150.0
accuracy,0.8598326359832636,0.8598326359832636,0.8598326359832636,0.8598326359832636
macro avg,0.8252447980416157,0.8178105110020004,0.8210405392398853,478.0
weighted avg,0.8560517097453179,0.8598326359832636,0.8576073552183597,478.0
