,precision,recall,f1-score,support
0,0.889344262295082,0.9273504273504274,0.9079497907949791,234.0
1,0.6666666666666666,0.5319148936170213,0.591715976331361,94.0
2,0.8616352201257862,0.9133333333333333,0.8867313915857605,150.0
accuracy,0.8451882845188284,0.8451882845188284,0.8451882845188284,0.8451882845188284
macro avg,0.8058820496958449,0.7908662181002607,0.7954657195707001,478.0
weighted avg,0.8368588013861586,0.8451882845188284,0.8391030576548894,478.0
