Model,Accuracy
random_forest,0.8430962343096234
svm,0.8493723849372385
catboost,0.8535564853556485
knn,0.7196652719665272
logistic_regression,0.8598326359832636
mlp,0.8451882845188284
naive_bayes,0.700836820083682
