,precision,recall,f1-score,support
0,0.8913043478260869,0.7008547008547008,0.784688995215311,234.0
1,0.3918918918918919,0.6170212765957447,0.4793388429752066,94.0
2,0.773972602739726,0.7533333333333333,0.7635135135135135,150.0
accuracy,0.700836820083682,0.700836820083682,0.700836820083682,0.700836820083682
macro avg,0.6857229474859016,0.6904031035945929,0.675847117234677,478.0
weighted avg,0.7562739448537679,0.700836820083682,0.7179960316884502,478.0
