,precision,recall,f1-score,support
0,0.8791666666666667,0.9017094017094017,0.890295358649789,234.0
1,0.6547619047619048,0.5851063829787234,0.6179775280898876,94.0
2,0.8896103896103896,0.9133333333333333,0.9013157894736842,150.0
accuracy,0.8430962343096234,0.8430962343096234,0.8430962343096234,0.8430962343096234
macro avg,0.8078463203463203,0.8000497060071527,0.8031962254044536,478.0
weighted avg,0.8383141788476516,0.8430962343096234,0.8402016108484365,478.0
