,precision,recall,f1-score,support
0,0.7876447876447876,0.8717948717948718,0.8275862068965517,234.0
1,0.5285714285714286,0.39361702127659576,0.45121951219512196,94.0
2,0.7516778523489933,0.7466666666666667,0.7491638795986622,150.0
accuracy,0.7384937238493724,0.7384937238493724,0.7384937238493724,0.7384937238493724
macro avg,0.6892980228550698,0.6706928532460448,0.675989866230112,478.0
weighted avg,0.7254106118136895,0.7384937238493724,0.7289631558576023,478.0
